-- phpMyAdmin SQL Dump
-- version 4.8.5
-- https://www.phpmyadmin.net/
--
-- Servidor: 127.0.0.1
-- Tiempo de generación: 24-12-2019 a las 22:18:19
-- Versión del servidor: 10.1.38-MariaDB
-- Versión de PHP: 7.1.27

SET SQL_MODE = "NO_AUTO_VALUE_ON_ZERO";
SET AUTOCOMMIT = 0;
START TRANSACTION;
SET time_zone = "+00:00";


/*!40101 SET @OLD_CHARACTER_SET_CLIENT=@@CHARACTER_SET_CLIENT */;
/*!40101 SET @OLD_CHARACTER_SET_RESULTS=@@CHARACTER_SET_RESULTS */;
/*!40101 SET @OLD_COLLATION_CONNECTION=@@COLLATION_CONNECTION */;
/*!40101 SET NAMES utf8mb4 */;

--
-- Base de datos: `rottenapples`
--

-- --------------------------------------------------------

--
-- Estructura de tabla para la tabla `favoritos`
--

CREATE TABLE `favoritos` (
  `id_favorito` int(11) NOT NULL,
  `id_usuario_favorito` int(11) NOT NULL,
  `id_pelicula_favorito` int(11) NOT NULL
) ENGINE=InnoDB DEFAULT CHARSET=utf8 COLLATE=utf8_spanish2_ci;

--
-- Volcado de datos para la tabla `favoritos`
--

INSERT INTO `favoritos` (`id_favorito`, `id_usuario_favorito`, `id_pelicula_favorito`) VALUES
(3, 1, 90),
(4, 1, 11),
(5, 1, 16),
(6, 1, 60),
(7, 1, 59),
(8, 1, 61),
(9, 1, 58),
(11, 1, 1),
(12, 1, 127),
(13, 1, 143),
(14, 1, 144),
(15, 3, 50),
(16, 3, 147),
(17, 1, 147),
(18, 1, 148),
(19, 1, 31),
(20, 1, 35),
(21, 1, 32),
(22, 1, 50),
(23, 1, 34),
(24, 1, 24),
(25, 3, 26),
(26, 3, 105),
(27, 3, 94),
(28, 3, 107),
(29, 3, 109),
(30, 3, 11),
(31, 3, 16);

-- --------------------------------------------------------

--
-- Estructura de tabla para la tabla `generos`
--

CREATE TABLE `generos` (
  `id_genero` int(11) NOT NULL,
  `nombre_genero` varchar(80) COLLATE utf8_spanish2_ci NOT NULL
) ENGINE=InnoDB DEFAULT CHARSET=utf8 COLLATE=utf8_spanish2_ci;

--
-- Volcado de datos para la tabla `generos`
--

INSERT INTO `generos` (`id_genero`, `nombre_genero`) VALUES
(1, 'Acción'),
(2, 'Ciencia ficción'),
(3, 'Terror'),
(4, 'Suspenso'),
(5, 'Drama'),
(6, 'Comedia'),
(7, 'Romance'),
(8, 'Aventura'),
(9, 'Musical');

-- --------------------------------------------------------

--
-- Estructura de tabla para la tabla `peliculas`
--

CREATE TABLE `peliculas` (
  `id_pelicula` int(11) NOT NULL,
  `nombre_pelicula` varchar(150) COLLATE utf8_spanish2_ci NOT NULL,
  `ano_pelicula` int(11) NOT NULL,
  `id_genero_pelicula` int(11) NOT NULL,
  `sinopsis_pelicula` text COLLATE utf8_spanish2_ci NOT NULL,
  `director_pelicula` varchar(100) COLLATE utf8_spanish2_ci NOT NULL,
  `imagen_pelicula` varchar(150) COLLATE utf8_spanish2_ci NOT NULL,
  `visible_pelicula` tinyint(1) NOT NULL DEFAULT '1'
) ENGINE=InnoDB DEFAULT CHARSET=utf8 COLLATE=utf8_spanish2_ci;

--
-- Volcado de datos para la tabla `peliculas`
--

INSERT INTO `peliculas` (`id_pelicula`, `nombre_pelicula`, `ano_pelicula`, `id_genero_pelicula`, `sinopsis_pelicula`, `director_pelicula`, `imagen_pelicula`, `visible_pelicula`) VALUES
(1, 'Back to the Future', 1985, 2, 'Marty McFly, a typical American teenager of the Eighties, is accidentally sent back to 1955 in a plutonium-powered DeLorean \"time machine\" invented by a slightly mad scientist. During his often hysterical, always amazing trip back in time, Marty must make certain his teenage parents-to-be meet and fall in love - so he can get back to the future.', 'Robert Zemeckis', 'images/peliculas/bttf.png', 1),
(2, 'Alien', 1979, 2, 'In the distant future, the crew of the commercial spaceship Nostromo are on their way home when they pick up a distress call from a distant moon. The crew are under obligation to investigate and the spaceship descends on the moon afterwards. After a rough landing, three crew members leave the spaceship to explore the area on the moon. At the same time as they discover a hive colony of some unknown creature, the ship\'s computer deciphers the message to be a warning, not a distress call. When one of the eggs is disturbed, the crew realizes that they are not alone on the spaceship and they must deal with the consequences.', 'Ridley Scott', 'images/peliculas/alien.png', 1),
(3, 'Friday the 13th', 1980, 3, 'One summer at Camp Crystal Lake, a group of young counselors begin to get ready to lead campers. Unfortunately, someone isn\'t happy about what\'s going on in the camp and enjoys playing Kill the Counselor. As bodies fall to the ground in the camp, no one is safe.', 'Sean S. Cunningham', 'images/peliculas/friday.png', 1),
(4, 'Raiders of the Lost Ark', 1981, 8, 'The year is 1936. An archeology professor named Indiana Jones is venturing in the jungles of South America searching for a golden statue. Unfortunately, he sets off a deadly trap but miraculously escapes. Then, Jones hears from a museum curator named Marcus Brody about a biblical artifact called The Ark of the Covenant, which can hold the key to humanly existence. Jones has to venture to vast places such as Nepal and Egypt to find this artifact. However, he will have to fight his enemy Rene Belloq and a band of Nazis in order to reach it.', 'Steven Spielberg', 'images/peliculas/indianajones1.png', 1),
(5, 'E.T.', 1982, 8, 'After a gentle alien becomes stranded on Earth, the being is discovered and befriended by a young boy named Elliott. Bringing the extraterrestrial into his suburban California house, Elliott introduces E.T., as the alien is dubbed, to his brother and his little sister, Gertie, and the children decide to keep its existence a secret. Soon, however, E.T. falls ill, resulting in government intervention and a dire situation for both Elliott and the alien.', 'Steven Spielberg', 'images/peliculas/ET.png', 1),
(6, 'The Terminator', 1984, 1, 'A cyborg is sent from the future on a deadly mission. He has to kill Sarah Connor, a young woman whose life will have a great significance in years to come. Sarah has only one protector - Kyle Reese - also sent from the future. The Terminator uses his exceptional intelligence and strength to find Sarah, but is there any way to stop the seemingly indestructible cyborg ?', 'James Cameron', 'images/peliculas/terminator1.png', 1),
(7, 'Jaws', 1975, 4, 'It\'s a hot summer on Amity Island, a small community whose main business is its beaches. When new Sheriff Martin Brody discovers the remains of a shark attack victim, his first inclination is to close the beaches to swimmers. This doesn\'t sit well with Mayor Larry Vaughn and several of the local businessmen. Brody backs down to his regret as that weekend a young boy is killed by the predator. \r\n\r\n\r\nThe dead boy\'s mother puts out a bounty on the shark and Amity is soon swamped with amateur hunters and fisherman hoping to cash in on the reward. A local fisherman with much experience hunting sharks, Quint, offers to hunt down the creature for a hefty fee. Soon Quint, Brody and Matt Hooper from the Oceanographic Institute are at sea hunting the Great White shark. As Brody succinctly surmises after their first encounter with the creature, they\'re going to need a bigger boat.', 'Steven Spielberg', 'images/peliculas/jaws.png', 1),
(8, 'The Godfather', 1972, 5, 'The Godfather \"Don\" Vito Corleone is the head of the Corleone mafia family in New York. He is at the event of his daughter\'s wedding. Michael, Vito\'s youngest son and a decorated WW II Marine is also present at the wedding. Michael seems to be uninterested in being a part of the family business. Vito is a powerful man, and is kind to all those who give him respect but is ruthless against those who do not. But when a powerful and treacherous rival wants to sell drugs and needs the Don\'s influence for the same, Vito refuses to do it. What follows is a clash between Vito\'s fading old values and the new ways which may cause Michael to do the thing he was most reluctant in doing and wage a mob war against all the other mafia families which could tear the Corleone family apart. ', 'Francis Ford Coppola', 'images/peliculas/godfather1.png', 1),
(9, 'Grease', 1978, 9, 'A musical about teens in love in the 50\'s! It\'s California 1959 and greaser Danny Zuko and Australian Sandy Olsson are in love. They spend time at the beach, and when they go back to school, what neither of them knows is that they both now attend Rydell High. Danny\'s the leader of the T-Birds, a group of black leather jacket-wearing greasers while Sandy hangs with the Pink Ladies, a group of pink-wearing girls led by Rizzo. When they clash at Rydell\'s first pep rally, Danny isn\'t the same Danny from the beach. They try to be like each other so they can be together. ', 'Randal Kleiser', 'images/peliculas/grease.png', 1),
(10, 'Home Alone', 1990, 6, 'It is Christmas time and the McCallister family is preparing for a vacation in Paris, France. But the youngest in the family named Kevin got into a scuffle with his older brother Buzz and was sent to his room which is on the third floor of his house. Then, the next morning, while the rest of the family was in a rush to make it to the airport on time, they completely forgot about Kevin who now has the house all to himself. Being home alone was fun for Kevin, having a pizza all to himself, jumping on his parents\' bed, and making a mess. Then, Kevin discovers about two burglars, Harry and Marv, about to rob his house on Christmas Eve. Kevin acts quickly by wiring his own house with makeshift booby traps to stop the burglars and to bring them to justice.', 'Chris Columbus', 'images/peliculas/homealone1.png', 1),
(11, 'Star Wars', 1977, 2, 'The Imperial Forces, under orders from cruel Darth Vader, hold Princess Leia hostage in their efforts to quell the rebellion against the Galactic Empire. Luke Skywalker and Han Solo, captain of the Millennium Falcon, work together with the companionable droid duo R2-D2 and C-3PO to rescue the beautiful princess, help the Rebel Alliance and restore freedom and justice to the Galaxy.', 'George Lucas', 'images/peliculas/starwars.png', 1),
(12, 'Clockwork orange', 1971, 4, 'Protagonist Alex DeLarge is an \"ultraviolent\" youth in futuristic Britain. As with all luck, his eventually runs out and he\'s arrested and convicted of murder and rape. While in prison, Alex learns of an experimental program in which convicts are programmed to detest violence. If he goes through the program, his sentence will be reduced and he will be back on the streets sooner than expected. But Alex\'s ordeals are far from over once he hits the mean streets of Britain that he had a hand in creating.', 'Stanley Kubrick', 'images/peliculas/clockworkorange.png', 1),
(13, 'Planet of the apes', 1968, 2, 'Taylor and two other astronauts come out of deep hibernation to find that their ship has crashed. Escaping with little more than clothes they find that they have landed on a planet where men are pre-lingual and uncivilized while apes have learned speech and technology. Taylor is captured and taken to the city of the apes after damaging his throat so that he is silent and cannot communicate with the apes.', 'Franklin J. Schaffner', 'images/peliculas/planetoftheapesorig.png', 1),
(14, 'Independence day', 1996, 2, 'The ultimate encounter when mysterious and powerful aliens launch an all out invasion against the human race. The spectacle begins when massive spaceships appear in Earth\'s skies. But wonder turns to terror as the ships blast destructive beams of fire down on cities all over the planet. Now the world\'s only hope lies with a determined band of survivors, uniting for one last strike against the invaders - before it\'s the end of mankind.', 'Roland Emmerich', 'images/peliculas/independencedayorig.png', 1),
(15, 'Inception', 2010, 2, 'Dom Cobb is a thief with the rare ability to enter people\'s dreams and steal their secrets from their subconsciouses. His skill has made him a hot commodity in the world of corporate espionage, but has also cost him everything he loves. Cobb gets a chance at redemption when he is offered a seemingly impossible task: Plant an idea in someone\'s mind. If he succeeds, it will be the perfect crime, but a dangerous enemy anticipates Cobb\'s every move.', 'Christopher Nolan', 'images/peliculas/inception.png', 1),
(16, 'The empire strikes back', 1980, 2, 'Luke Skywalker, Han Solo, Princess Leia and Chewbacca face attack by the Imperial forces and its AT-AT walkers on the ice planet Hoth. While Han and Leia escape in the Millennium Falcon, Luke travels to Dagobah in search of Yoda. Only with the Jedi Master\'s help will Luke survive when the Dark Side of the Force beckons him into the ultimate duel with Darth Vader.', 'Irvin Kershner', 'images/peliculas/empirestrikesback.png', 1),
(17, 'Gravity', 2013, 2, 'Dr. Ryan Stone is a brilliant medical engineer on her first shuttle mission, with veteran astronaut Matt Kowalski in command of his last flight before retiring. But on a seemingly routine spacewalk, disaster strikes. The shuttle is destroyed, leaving Stone and Kowalsky completely alone - tethered to nothing but each other and spiraling out into the blackness.', 'Alfonso Cuarón', 'images/peliculas/gravity.png', 1),
(18, 'Men in black', 1997, 2, 'Based off of the comic book. Unbeknownst to other people, there is a private agency code named MiB. This agency is some kind of extra terrestrial surveillance corporation. Then, one of the agency\'s finest men only going by the name \"K\", is recruiting for a new addition to the agency. He has chosen James Edwards of the N.Y.P.D. Then, one day, a flying saucer crashes into Earth. This was an alien a part of the \"Bug\" race. He takes the body of a farmer and heads to New York. He is searching for a super energy source called \"The Galaxy\". Now, Agents J and K must stop the bug before it can escape with the galaxy.', 'Barry Sonnenfeld', 'images/peliculas/meninblack.png', 1),
(19, 'War of the Worlds', 2005, 2, 'Ray Ferrier is a divorced dockworker and less-than-perfect father. When his ex-wife and her new husband drop off his teenage son Robbie and young daughter Rachel for a rare weekend visit, a strange and powerful lightning storm suddenly touches down. What follows is the extraordinary battle for the future of humankind through the eyes of one American family fighting to survive it in this contemporary retelling of H.G. Wells seminal classic sci-fi actioner.', 'Steven Spielberg', 'images/peliculas/waroftheworlds.png', 1),
(20, 'The Martian', 2015, 2, 'During a manned mission to Mars, Astronaut Mark Watney is presumed dead after a fierce storm and left behind by his crew. But Watney has survived and finds himself stranded and alone on the hostile planet. With only meager supplies, he must draw upon his ingenuity, wit and spirit to subsist and find a way to signal to Earth that he is alive. Millions of miles away, NASA and a team of international scientists work tirelessly to bring \"the Martian\" home, while his crewmates concurrently plot a daring, if not impossible, rescue mission. As these stories of incredible bravery unfold, the world comes together to root for Watney\'s safe return.', 'Ridley Scott', 'images/peliculas/themartian.png', 1),
(21, 'Armageddon', 1998, 2, 'A giant, global-killing asteriod, like the one that killed off the dinosaurs 65 million years ago is 18 days away from hitting the Earth. NASA\'s been caught with their pants down and needs a new plan to stop the rock. They enlist the help of Harry Stamper, an expert deep core driller, to train their astronauts and help them drill into the asteroid and plant a nuclear bomb. But Harry figures the astronauts can\'t be trained in time and opts to go with his own oil drilling crew.', 'Michael Bay', 'images/peliculas/armageddon.png', 1),
(22, 'Interstellar', 2014, 2, 'Earth\'s future has been riddled by disasters, famines, and droughts. There is only one way to ensure mankind\'s survival: Interstellar travel. A newly discovered wormhole in the far reaches of our solar system allows a team of astronauts to go where no man has gone before, a planet that may have the right environment to sustain human life.', 'Christopher Nolan', 'images/peliculas/interstellar.png', 1),
(23, 'Fight Club', 1999, 5, 'A nameless first person narrator attends support groups in attempt to subdue his emotional state and relieve his insomniac state. When he meets Marla, another fake attendee of support groups, his life seems to become a little more bearable. However when he associates himself with Tyler he is dragged into an underground fight club and soap making scheme. Together the two men spiral out of control and engage in competitive rivalry for love and power. When the narrator is exposed to the hidden agenda of Tyler\'s fight club, he must accept the awful truth that Tyler may not be who he says he is.', 'David Fincher', 'images/peliculas/fightclub.png', 1),
(24, 'Pulp Fiction', 1994, 5, 'Jules Winnfield and Vincent Vega are two hit men who are out to retrieve a suitcase stolen from their employer, mob boss Marsellus Wallace. Wallace has also asked Vincent to take his wife Mia out a few days later when Wallace himself will be out of town. Butch Coolidge is an aging boxer who is paid by Wallace to lose his fight. The lives of these seemingly unrelated people are woven together comprising of a series of funny, bizarre and uncalled-for incidents.', 'Quentin Tarantino', 'images/peliculas/pulpfiction.png', 1),
(25, 'Matrix', 1999, 1, 'In the near future, a computer hacker nicknamed Neo discovers that all life on Earth may be nothing more than an elaborate facade created by a malevolent cyber-intelligence, for the purpose of placating us while our life essence is \"farmed\" to fuel the Matrix\'s campaign of domination in the \"real\" world. He joins like-minded Rebel warriors Morpheus and Trinity in their struggle to overthrow the Matrix.', 'Lana Wachowski, Lilly Wachowski', 'images/peliculas/matrix.png', 1),
(26, 'The dark knight', 2008, 1, 'Batman, Lieutenant James Gordon, and new District Attorney Harvey Dent successfully begin to round up the criminals that plague Gotham City, until a mysterious and sadistic criminal mastermind known only as \"The Joker\" appears in Gotham, creating a new wave of chaos. Batman\'s struggle against The Joker becomes deeply personal, forcing him to \"confront everything he believes\" and improve his technology to stop him. A love triangle develops between Bruce Wayne, Dent, and Rachel.', 'Christopher Nolan', 'images/peliculas/darkknight.png', 1),
(27, 'Forrest Gump', 1994, 5, 'Forrest Gump is a simple man with a low I.Q. but good intentions. He is running through childhood with his best and only friend Jenny. His \'mama\' teaches him the ways of life and leaves him to choose his destiny. Forrest joins the army for service in Vietnam, finding new friends called Dan and Bubba, he wins medals, creates a famous shrimp fishing fleet, inspires people to jog, starts a ping-pong craze, creates the smiley, writes bumper stickers and songs, donates to people and meets the president several times. However, this is all irrelevant to Forrest who can only think of his childhood sweetheart Jenny Curran, who has messed up her life. Although in the end all he wants to prove is that anyone can love anyone.', 'Robert Zemeckis', 'images/peliculas/forrestgump.png', 1),
(28, 'Gone Girl', 2014, 5, 'On the occasion of his fifth wedding anniversary, Nick Dunne reports that his wife, Amy, has gone missing. Under pressure from the police and a growing media frenzy, Nick\'s portrait of a blissful union begins to crumble. Soon his lies, deceits and strange behavior have everyone asking the same dark question: Did Nick Dunne kill his wife?', 'David Fincher', 'images/peliculas/gonegirl.png', 1),
(29, 'Inglorious Basterds', 2009, 8, 'In German-occupied France, young Jewish refugee Shosanna Dreyfus witnesses the slaughter of her family by Colonel Hans Landa. Narrowly escaping with her life, she plots her revenge several years later when German war hero Fredrick Zoller takes a rapid interest in her and arranges an illustrious movie premiere at the theater she now runs. With the promise of every major Nazi officer in attendance, the event catches the attention of the \"Basterds\", a group of Jewish-American guerrilla soldiers led by the ruthless Lt. Aldo Raine. As the relentless executioners advance and the conspiring young girl\'s plans are set in motion, their paths will cross for a fateful evening that will shake the very annals of history.', 'Quentin Tarantino', 'images/peliculas/ingloriousbasterds.png', 1),
(30, 'Wolf of Wall Street', 2013, 5, '', 'Martin Scorsese', 'images/peliculas/wolfofwallstreet.png', 1),
(31, 'Kill Bill: Vol. 1', 2003, 1, 'The lead character, called \'The Bride,\' was a member of the Deadly Viper Assassination Squad, led by her lover \'Bill.\' Upon realizing she was pregnant with Bill\'s child, \'The Bride\' decided to escape her life as a killer. She fled to Texas, met a young man, who, on the day of their wedding rehearsal was gunned down by an angry and jealous Bill (with the assistance of the Deadly Viper Assassination Squad). Four years later, \'The Bride\' wakes from a coma, and discovers her baby is gone. She, then, decides to seek revenge upon the five people who destroyed her life and killed her baby. The saga of Kill Bill Volume I begins.', 'Quentin Tarantino', 'images/peliculas/killbill1.png', 1),
(32, 'Kill Bill: Vol. 2', 2004, 1, 'The murderous Bride is back and she is still continuing her vengeance quest against her ex-boss, Bill, and taking aim at Bill\'s younger brother Budd and Elle Driver, the only survivors from the squad of assassins who betrayed her four years earlier. It\'s all leading up to the ultimate confrontation with Bill, the Bride\'s former master and the man who ordered her execution! ', 'Quentin Tarantino', 'images/peliculas/killbill2.png', 1),
(33, 'The Hateful Eight', 2015, 5, 'Wyoming in the 1870s. A stagecoach is heading towards the town of Red Rock with two passengers onboard. One is John \"Hangman\" Ruth (played by Kurt Russell), a celebrated bounty hunter. The other is Daisy Domergue (Jennifer Jason Leigh), his prisoner and wanted for murder. Along the way they pick up another bounty hunter, Major Marquis Warren (Samuel L Jackson), and Chris Mannix (Walton Goggins). Due to a blizzard they are forced to hole up in a store some way out of town with the occupants of another stagecoach. Suspicions commence and Civil War enmities are reawakened.', 'Quentin Tarantino', 'images/peliculas/hatefuleight.png', 1),
(34, 'Reservoir Dogs', 1992, 5, 'A gang of thieves carry out an armed robbery on a diamond warehouse. The police are after them so quickly that they suspect they have a rat in their company. This film starts right before the robbery, with flashbacks to before the robbery and to the planning of the crime. We are also introduced to the main characters in flashback mode. Plenty of fast action and plenty of blood and gore.', 'Quentin Tarantino', 'images/peliculas/reservoirdogs.png', 1),
(35, 'Watchmen', 2009, 1, 'In a gritty and alternate 1985 the glory days of costumed vigilantes have been brought to a close by a government crackdown, but after one of the masked veterans is brutally murdered an investigation into the killer is initiated. The reunited heroes set out to prevent their own destruction, but in doing so discover a deeper and far more diabolical plot.', 'Zack Snyder', 'images/peliculas/watchmen.png', 1),
(36, 'Lion', 2016, 5, 'Based on the true story of Saroo Brierley who, at the age of 5, was separated from his family in India as he fell asleep on a train and woke up 1600 kilometers away from home. Saroo was later adopted by an Australian couple and after 25 years, he began searching for his Indian family.', 'Garth Davis', 'images/peliculas/lion.png', 1),
(37, 'Slumdog Millionaire', 2008, 5, 'The story of Jamal Malik, an 18 year-old orphan from the slums of Mumbai, who is about to experience the biggest day of his life. With the whole nation watching, he is just one question away from winning a staggering 20 million rupees on India\'s Kaun Banega Crorepati? (Who Wants To Be A Millionaire?) But when the show breaks for the night, police arrest him on suspicion of cheating; how could a street kid know so much? Desperate to prove his innocence, Jamal tells the story of his life in the slum where he and his brother grew up, of their adventures together on the road, of vicious encounters with local gangs, and of Latika, the girl he loved and lost.', 'Danny Boyle', 'images/peliculas/slumdogmillionaire.png', 1),
(38, 'Hidden Figures', 2016, 5, 'As the United States raced against Russia to put a man in space, NASA found untapped talent in a group of African-American female mathematicians that served as the brains behind one of the greatest operations in U.S. history. Based on the unbelievably true life stories of three of these women, known as \"human computers\", we follow these women as they quickly rose the ranks of NASA alongside many of history\'s greatest minds specifically tasked with calculating the momentous launch of astronaut John Glenn into orbit, and guaranteeing his safe return.', 'Theodore Melfi', 'images/peliculas/hiddenfigures.png', 1),
(39, 'The Imitation Game', 2014, 5, 'In 1939, newly created British intelligence agency MI6 recruits Cambridge mathematics alumnus Alan Turing to crack Nazi codes, including Enigma -- which cryptanalysts had thought unbreakable. Turing\'s team, including Joan Clarke, analyze Enigma messages while he builds a machine to decipher them. Turing and team finally succeed and become unsung heroes, but in 1952, their quiet genius leader encounters disgrace when authorities drive him to his death for being homosexual.', 'Morten Tyldum', 'images/peliculas/imitationgame.png', 1),
(40, 'American Sniper', 2014, 1, 'Chris Kyle (Bradley Cooper) was nothing more than a Texas man who dreamt of becoming a cowboy, but in his thirties he found out that maybe his life needed something different, something where he could express his real talent, something that could help America in its fight against terrorism. So he joined the S.E.A.L.s in order to become a sniper. After marrying Taya (Sienna Miller), Kyle and the other members of the team are called for their first tour of Iraq. Kyle\'s struggle isn\'t with his missions, but about his relationship with the reality of the war and, once returned at home, how he manages to handle it with his urban life, his wife, and kids.', 'Clint Eastwood', 'images/peliculas/americansniper.png', 1),
(41, 'V for Vendetta', 2005, 1, 'Tells the story of Evey Hammond (Natalie Portman) and her unlikely but instrumental part in bringing down the fascist government that has taken control of a futuristic Great Britain. Saved from a life-and-death situation by a man in a Guy Fawkes mask who calls himself \"V\" (Hugo Weaving), she learns a general summary of V\'s past and, after a time, decides to help him bring down those who committed the atrocities that led to Britain being in the shape that it is in.', 'James McTeigue', 'images/peliculas/vforvendetta.png', 1),
(42, 'The King\'s Speech', 2010, 5, 'Britain\'s Prince Albert (Colin Firth) must ascend the throne as King George VI, but he has a speech impediment. Knowing that the country needs her husband to be able to communicate effectively, Elizabeth (Helena Bonham Carter) hires Lionel Logue (Geoffrey Rush), an Australian actor and speech therapist, to help him overcome his stammer. An extraordinary friendship develops between the two men, as Logue uses unconventional means to teach the monarch how to speak with confidence.', 'Tom Hooper', 'images/peliculas/kingsspeech.png', 1),
(43, 'Life of Pi', 2012, 8, 'After deciding to sell their zoo in India and move to Canada, Santosh and Gita Patel board a freighter with their sons and a few remaining animals. Tragedy strikes when a terrible storm sinks the ship, leaving the Patels\' teenage son, Pi, as the only human survivor. However, Pi is not alone; a fearsome Bengal tiger has also found refuge aboard the lifeboat. As days turn into weeks and weeks drag into months, Pi and the tiger must learn to trust each other if both are to survive.', 'Ang Lee', 'images/peliculas/lifeofpi.png', 1),
(44, 'Titanic', 1997, 7, '84 years later, a 100 year-old woman named Rose DeWitt Bukater tells the story to her granddaughter Lizzy Calvert, Brock Lovett, Lewis Bodine, Bobby Buell and Anatoly Mikailavich on the Keldysh about her life set in April 10th 1912, on a ship called Titanic when young Rose boards the departing ship with the upper-class passengers and her mother, Ruth DeWitt Bukater, and her fiancé, Caledon Hockley. Meanwhile, a drifter and artist named Jack Dawson and his best friend Fabrizio De Rossi win third-class tickets to the ship in a game. And she explains the whole story from departure until the death of Titanic on its first and last voyage April 15th, 1912 at 2:20 in the morning.', 'James Cameron', 'images/peliculas/titanic.png', 1),
(45, 'Avatar', 2009, 8, 'On the lush alien world of Pandora live the Na\'vi, beings who appear primitive but are highly evolved. Because the planet\'s environment is poisonous, human/Na\'vi hybrids, called Avatars, must link to human minds to allow for free movement on Pandora. Jake Sully, a paralyzed former Marine, becomes mobile again through one such Avatar and falls in love with a Na\'vi woman. As a bond with her grows, he is drawn into a battle for the survival of her world.', 'James Cameron', 'images/peliculas/avatar.png', 1),
(46, 'Birdman', 2014, 5, 'Former cinema superhero Riggan Thomson is mounting an ambitious Broadway production that he hopes will breathe new life into his stagnant career. It\'s risky, but he hopes that his creative gamble will prove that he\'s a real artist and not just a washed-up movie star. As opening night approaches, a cast mate is injured, forcing Riggan to hire an actor who is guaranteed to shake things up. Meanwhile, Riggan must deal with his girlfriend, daughter and ex-wife.', 'Alejandro G. Iñárritu', 'images/peliculas/birdman.png', 1),
(47, 'Argo', 2012, 5, 'In 1979, the American embassy in Iran was invaded by Iranian revolutionaries and several Americans were taken hostage. However, six managed to escape to the official residence of the Canadian Ambassador and the CIA was ordered to get them out of the country. With few options, exfiltration expert Tony Mendez devised a daring plan: create a phony Canadian film project looking to shoot in Iran and smuggle the Americans out as its production crew. With the help of some trusted Hollywood contacts, Mendez created the ruse and proceeded to Iran as its associate producer. However, time was running out with the Iranian security forces closing in on the truth while both his charges and the White House had grave doubts about the operation themselves.', 'Ben Affleck', 'images/peliculas/argo.png', 1),
(48, 'The Shape of Water', 2017, 8, 'From master storyteller Guillermo del Toro comes THE SHAPE OF WATER, an otherworldly fable set against the backdrop of Cold War era America circa 1962. In the hidden high-security government laboratory where she works, lonely Elisa (Sally Hawkins) is trapped in a life of isolation. Elisa\'s life is changed forever when she and co-worker Zelda (Octavia Spencer) discover a secret classified experiment. Rounding out the cast are Michael Shannon, Richard Jenkins, Michael Stuhlbarg, and Doug Jones.', 'Guillermo del Toro', 'images/peliculas/shapeofwater.png', 1),
(49, 'Moonlight', 2016, 5, 'A young, African-American, gay man deals with his dysfunctional home life and comes of age in Miami during the \"War on Drugs\" era. The story of his struggle to find himself is told across three defining chapters in his life as he experiences the ecstasy, pain, and beauty of falling in love while grappling with his own sexuality.', 'Barry Jenkins', 'images/peliculas/moonlight.png', 1),
(50, 'Deadpool', 2016, 1, 'This is the origin story of former Special Forces operative turned mercenary Wade Wilson, who after being subjected to a rogue experiment that leaves him with accelerated healing powers, adopts the alter ego Deadpool. Armed with his new abilities and a dark, twisted sense of humor, Deadpool hunts down the man who nearly destroyed his life.', 'Tim Miller', 'images/peliculas/deadpool.png', 1),
(51, 'Ex Machina', 2014, 2, 'Caleb, a 26 year old programmer at the world\'s largest internet company, wins a competition to spend a week at a private mountain retreat belonging to Nathan, the reclusive CEO of the company. But when Caleb arrives at the remote location he finds that he will have to participate in a strange and fascinating experiment in which he must interact with the world\'s first true artificial intelligence, housed in the body of a beautiful robot girl.', 'Alex Garland', 'images/peliculas/exmachina.png', 1),
(52, 'John Wick', 2014, 1, 'With the untimely death of his beloved wife still bitter in his mouth, John Wick, the expert former assassin, receives one final gift from her--a precious keepsake to help John find a new meaning in life now that she is gone. But when the arrogant Russian mob prince, Iosef Tarasov, and his men pay Wick a rather unwelcome visit to rob him of his prized 1969 Mustang and his wife\'s present, the legendary hitman will be forced to unearth his meticulously concealed identity. Blind with revenge, John will immediately unleash a carefully orchestrated maelstrom of destruction against the sophisticated kingpin, Viggo Tarasov, and his family, who are fully aware of his lethal capacity. Now, only blood can quench the boogeyman\'s thirst for retribution.', 'Chad Stahelski', 'images/peliculas/johnwick1.png', 1),
(53, 'Guardians of the Galaxy', 2014, 8, 'After stealing a mysterious orb in the far reaches of outer space, Peter Quill from Earth is now the main target of a manhunt led by the villain known as Ronan the Accuser. To help fight Ronan and his team and save the galaxy from his power, Quill creates a team of space heroes known as the \"Guardians of the Galaxy\" to save the galaxy.', 'James Gunn', 'images/peliculas/gotg1.png', 1),
(54, 'This is the end', 2013, 6, 'All Jay Baruchel expected coming to LA was a fun time with Seth Rogen with all the wild partying to have both by themselves and at James Franco\'s housewarming party. Suddenly, the Rapture hits and the Biblical Apocalypse has begun. Now, Jay and Seth are desperately sheltering in James\' house for rescue along with a few other friends. Together, they must band together to attempt to survive the end of the world, only for Jay to find that they are all too dumb and superficial to do it until they discover the only way out.', 'Evan Goldberg, Seth Rogen', 'images/peliculas/thisistheend.png', 1),
(55, 'Doctor Strange', 2016, 8, 'Marvel\'s \"Doctor Strange\" follows the story of the talented neurosurgeon Doctor Stephen Strange who, after a tragic car accident, must put ego aside and learn the secrets of a hidden world of mysticism and alternate dimensions. Based in New York City\'s Greenwich Village, Doctor Strange must act as an intermediary between the real world and what lies beyond, utilising a vast array of metaphysical abilities and artifacts to protect the Marvel Cinematic Universe.', 'Scott Derrickson', 'images/peliculas/drstrange.png', 1),
(56, 'Once upon a time in Hollywood', 2019, 5, 'Quentin Tarantino\'s Once Upon a Time... in Hollywood visits 1969 Los Angeles, where everything is changing, as TV star Rick Dalton (Leonardo DiCaprio) and his longtime stunt double Cliff Booth (Brad Pitt) make their way around an industry they hardly recognize anymore. The ninth film from the writer-director features a large ensemble cast and multiple storylines in a tribute to the final moments of Hollywood\'s golden age.', 'Quentin Tarantino', 'images/peliculas/onceuponhollywood.png', 1),
(57, 'Silence of the Lambs', 1991, 3, 'Clarice Starling, a young intelligent F.B.I. trainee, has been sent to the Baltimore state hospital for the criminally insane to interview an inmate, Dr. Hannibal \"the cannibal\" Lecter, a brilliant renowned psychiatrist turned infamous psychopathic serial killer. She must match wits with Lecter, who has the darkest of all minds, and trust him to give her clues in the search for \"Buffalo Bill\", a nickname given to a loose, unknown, unstoppable psychopathic serial killer.', 'Jonathan Demme', 'images/peliculas/silenceoflambs.png', 1),
(58, 'Joker', 2019, 5, 'Joker centers around an origin of the iconic arch nemesis and is an original, standalone story not seen before on the big screen. Todd Phillips\' exploration of Arthur Fleck (Joaquin Phoenix), a man disregarded by society is not only a gritty character study, but also a broader cautionary tale.', 'Todd Phillips', 'images/peliculas/joker.png', 1),
(59, 'IT', 2017, 3, 'In the Town of Derry, the local kids are disappearing one by one. In a place known as \'The Barrens\', a group of seven kids are united by their horrifying and strange encounters with an evil clown and their determination to kill It.', 'Andy Muschietti', 'images/peliculas/it.png', 1),
(60, 'IT: Chapter 2', 2019, 3, 'Defeated by members of the Losers\' Club, the evil clown Pennywise returns 27 years later to terrorize the town of Derry, Maine, once again. Now adults, the childhood friends have long since gone their separate ways. But when people start disappearing, Mike Hanlon calls the others home for one final stand. Damaged by scars from the past, the united Losers must conquer their deepest fears to destroy the shape-shifting Pennywise -- now more powerful than ever.', 'Andy Muschietti', 'images/peliculas/it2.png', 1),
(61, 'The Shining', 1980, 3, 'Signing a contract, Jack Torrance, a normal writer and former teacher agrees to take care of a hotel which has a long, violent past that puts everyone in the hotel in a nervous situation. While Jack slowly gets more violent and angry of his life, his son, Danny, tries to use a special talent, the \"Shining\", to inform the people outside about whatever that is going on in the hotel.', 'Stanley Kubrick', 'images/peliculas/shining.png', 1),
(62, 'Doctor Sleep', 2019, 3, 'Years after the traumatizing events of The Overlook Hotel, Dan Torrance is now an alcoholic struggling to find a job. He moves to a small town in New Hampshire and becomes \"Doctor Sleep\". He then meets Abra Stone, a teenager with the brightest shine he\'s ever seen. When he learns that a cult of evil beings called The True Knot are chasing her with the intent to eat her shine, he does everything in his power to protect her...including returning to The Overlook.', 'Mike Flanagan', 'images/peliculas/drsleep.png', 1),
(63, 'Avengers: Endgame', 2019, 8, 'After the devastating events of Avengers: Infinity War (2018), the universe is in ruins due to the efforts of the Mad Titan, Thanos. With the help of remaining allies, the Avengers must assemble once more in order to undo Thanos\'s actions and undo the chaos to the universe, no matter what consequences may be in store, and no matter who they face...', 'Anthony Russo, Joe Russo', 'images/peliculas/avengers4.png', 1),
(64, 'Avengers: Infinity War', 2018, 8, 'As the Avengers and their allies have continued to protect the world from threats too large for any one hero to handle, a new danger has emerged from the cosmic shadows: Thanos. A despot of intergalactic infamy, his goal is to collect all six Infinity Stones, artifacts of unimaginable power, and use them to inflict his twisted will on all of reality. Everything the Avengers have fought for has led up to this moment, the fate of Earth and existence has never been more uncertain.', 'Anthony Russo, Joe Russo', 'images/peliculas/avengers3.png', 1),
(65, 'Superbad', 2007, 6, 'Seth and Evan are best friends, inseparable, navigating the last weeks of high school. Usually shunned by the popular kids, Seth and Evan luck into an invitation to a party, and spend a long day, with the help of their nerdy friend Fogell, trying to score enough alcohol to lubricate the party and inebriate two girls, Jules and Becca, so they can kick-start their sex lives and go off to college with a summer full of experience and new skills. Their quest is complicated by Fogell\'s falling in with two inept cops who both slow and assist the plan. If they do get the liquor to the party, what then? Is sex the only rite of passage at hand?', 'Greg Mottola', 'images/peliculas/superbad.png', 1),
(66, 'The Interview', 2014, 6, 'In the action-comedy The Interview, Dave Skylark (James Franco) and his producer Aaron Rapoport (Seth Rogen) run the popular celebrity tabloid TV show \"Skylark Tonight.\" When they discover that North Korean dictator Kim Jong-un is a fan of the show, they land an interview with him in an attempt to legitimize themselves as journalists. As Dave and Aaron prepare to travel to Pyongyang, their plans change when the CIA recruits them, perhaps the two least-qualified men imaginable, to assassinate Kim Jong-un. ', 'Evan Goldberg, Seth Rogen', 'images/peliculas/interview.png', 1),
(67, '21 Jump Street', 2012, 6, 'In high school, Schmidt was a dork and Jenko was the popular jock. After graduation, both of them joined the police force and ended up as partners riding bicycles in the city park. Since they are young and look like high school students, they are assigned to an undercover unit to infiltrate a drug ring that is supplying high school students synthetic drugs.', 'Phil Lord, Christopher Miller', 'images/peliculas/21jumpstreet.png', 1),
(68, '22 Jump Street', 2014, 6, 'After making their way through high school (twice), big changes are in store for officers Schmidt (Jonah Hill) and Jenko (Channing Tatum) when they go deep undercover at a local college. But when Jenko meets a kindred spirit on the football team, and Schmidt infiltrates the bohemian art major scene, they begin to question their partnership. Now they don\'t have to just crack the case - they have to figure out if they can have a mature relationship. If these two overgrown adolescents can grow from freshmen into real men, college might be the best thing that ever happened to them.', 'Phil Lord, Christopher Miller', 'images/peliculas/22jumpstreet.png', 1),
(69, 'Neighbors', 2014, 6, 'Kelly and Mac are settling down in a quiet neighborhood with their newborn child, until the frat brothers move into the house next door. Teddy is the President, and Pete is his right hand man, and they\'re quick to accept friendship when Kelly and Mac introduce themselves as the neighbors. Night after night, Mac asks Teddy to lower the fraternity\'s noise, even accepting the invitation to the party one evening. When Teddy goes back on his word to keep the partying down, Mac calls the police to deal with the problem. The police quickly blame Mac for their presence, and the war begins. As the family feuds with the frat brothers, things get hilariously dangerous and the fraternity ends up on thin ice with their college.', 'Nicholas Stoller', 'images/peliculas/neighbors.png', 1),
(70, 'Neighbors 2: Sorority Rising', 2016, 6, 'Mac and Kelly are ready to make the final move into adulthood. But just as they thought they have reclaimed the neighborhood, they learn that their new neighbors are even more out of control than the last. To evict them, they will need help from their ex neighbor.', 'Nicholas Stoller', 'images/peliculas/neighbors2.png', 1),
(71, 'Ted', 2012, 6, 'John makes a Christmas miracle happen by bringing his one and only friend to life, his teddy bear. The two grow up together and John must then choose to stay with his girlfriend or keep his friendship with his crude and extremely inappropriate teddy bear, Ted.', 'Seth MacFarlane', 'images/peliculas/ted.png', 1),
(72, 'Ted 2', 2015, 6, 'Months after John\'s divorce, Ted and Tami-Lynn\'s marriage seems to be on the same road. To patch things up, Ted and Tami-Lynn plan to have a child with John\'s help, but their failed efforts backfire disastrously. Namely, Ted is declared property by the government, and he loses all of his civil rights. Now, Ted must fight a seemingly hopeless legal battle with an inexperienced young lawyer to regain his rightful legal status. Unfortunately, between Ted\'s drunken idiocies and sinister forces interested in this situation to exploit him, Ted\'s quest has all the odds against him.', 'Seth Macfarlane', 'images/peliculas/ted2.png', 1),
(73, 'Easy A', 2010, 6, 'After a little white lie about losing her virginity gets out, a clean cut high school girl sees her life paralleling Hester Prynne\'s in \"The Scarlet Letter,\" which she is currently studying in school - until she decides to use the rumor mill to advance her social and financial standing.', 'Will Gluck', 'images/peliculas/easya.png', 1),
(74, 'Dirty Grandpa', 2016, 6, 'Jason Kelly, the grandson of Dick Kelly, loses his grandmother about two weeks before his wedding to Meredith. He tries to assist his grandfather and console him for his loss, but was rather tricked into a spring break road trip; chasing youth once again. with the help of Shadia and Lenore, the two men go on an adventure they\'ll never forget.', 'Dan Mazer', 'images/peliculas/dirtygrandpa.png', 1),
(75, 'Love & other drugs', 2010, 7, 'Maggie is an alluring free spirit who won\'t let anyone - or anything - tie her down. But she meets her match in Jamie, whose relentless and nearly infallible charm serve him well with the ladies and in the cutthroat world of pharmaceutical sales. Maggie and Jamie\'s evolving relationship takes them both by surprise, as they find themselves under the influence of the ultimate drug: love.', 'Edward Zwick', 'images/peliculas/lovedrugs.png', 1),
(76, '(500) days of Summer', 2009, 7, 'He\'s Tom, from New Jersey, working in L.A. writing greeting cards even through he\'s an architect by training. She\'s Summer, in from Michigan. Day one is her first day as an AA in Tom\'s office. We jump back and forth in time: by day 67, they\'ve become an item when she decides to put aside the lovemaking and just be friends. Tom, a romantic who\'s sure Summer is the one for him, wallows in self pity. We go back to the early days and see the relationship begin. Summer tells him right away that she doesn\'t believe in love. He mopes well past day 100. Then, as day 500 approaches, they find themselves at a wedding together. Does the old flame rekindle? Is Tom right that destiny controls love?', 'Marc Webb', 'images/peliculas/500days.png', 1),
(77, 'P.S. I love you', 2007, 7, 'Holly Kennedy is beautiful, smart and married to the love of her life - a passionate, funny, and impetuous Irishman named Gerry. So when Gerry\'s life is taken by an illness, it takes the life out of Holly. The only one who can help her is the person who is no longer there. Nobody knows Holly better than Gerry. So it\'s a good thing he planned ahead. Before he died, Gerry wrote Holly a series of letters that will guide her, not only through her grief, but in rediscovering herself. The first message arrives on Holly\'s 30th birthday in the form of a cake, and to her utter shock, a tape recording from Gerry, who proceeds to tell her to get out and \"celebrate herself\". In the weeks and months that follow, more letters from Gerry are delivered in surprising ways, each sending her on a new adventure and each signing off in the same way; P.S. I Love You. ', 'Richard LaGravenese', 'images/peliculas/psiloveyou.png', 1),
(78, 'Mamma mia!', 2008, 7, 'Set on a colorful Greek island, the plot serves as a background for a wealth of ABBA songs. A young woman about to be married discovers that any one of three men could be her father. She invites all three to the wedding without telling her mother, Donna, who was once the lead singer of Donna and the Dynamos. In the meantime, Donna has invited her backup singers, Rosie and Tanya.', 'Phyllida Lloyd', 'images/peliculas/mammamia.png', 1),
(79, 'You\'ve got mail', 1998, 7, 'The owner of a large bookstore chain starts putting the owner of a small local bookstore out of business. Meanwhile they have been corresponding over the internet without knowing who either of them are. They can\'t stand each other in person but over the internet they are very attracted. He finds out who she is but she doesn\'t know. He starts to like her more but she still hates him. He has to fix it.', 'Nora Ephron', 'images/peliculas/youvegotmail.png', 1),
(80, 'Notting Hill', 1999, 7, 'Every man\'s dream comes true for William Thacker, an unsuccessful Notting Hill bookstore owner, when Anna Scott, the world\'s most beautiful woman and best-liked actress, enters his shop. A little later, he still can\'t believe it himself, William runs into her again - this time spilling orange juice over her. Anna accepts his offer to change in his nearby apartment, and thanks him with a kiss, which seems to surprise her even more than him. Eventually, Anna and William get to know each other better over the months, but being together with the world\'s most wanted woman is not easy - neither around your closest friends, nor in front of the all-devouring press. ', 'Roger Michell', 'images/peliculas/nottinghill.png', 1),
(81, 'Pretty Woman', 1990, 7, 'Edward is a rich, ruthless businessman who specializes in taking over companies and then selling them off piece by piece. He travels to Los Angeles for a business trip and decides to hire a prostitute. They take a liking to each other and he offers her money if she\'ll stay with him for an entire week while he makes the \"rich and famous\" scene (since it doesn\'t do for a man of his stature to be alone at society parties and polo matches). Romantic comedy (and complications) ensue.', 'Garry Marshall', 'images/peliculas/prettywoman.png', 1),
(82, 'Dirty Dancing', 1987, 7, 'In 1963, Frances \"Baby\" Houseman, a sweet daddy\'s girl, goes with her family to a resort in upstate New York\'s Catskill Mountains. Baby has grown up in privileged surroundings and all expect her to go on to college, join the Peace Corps and save the world before marrying a doctor, just like her father. Unexpectedly, Baby becomes infatuated with the camp\'s dance instructor, Johnny Castle, a man whose background is vastly different from her own. Baby lies to her father to get money to pay for an illegal abortion for Johnny\'s dance partner. She then fills in as Johnny\'s dance partner and it is as he is teaching her the dance routine that they fall in love. It all comes apart when Johnny\'s friend falls seriously ill after her abortion and Baby gets her father, who saves the girl\'s life. He then learns what Baby has been up to, who with and worse, that he funded the illegal abortion. He bans his daughter from any further association with \"those people\".', 'Emile Ardolino', 'images/peliculas/dirtydancing.png', 1),
(83, 'Love actually', 2003, 7, 'The characters are falling in love, falling out of love, some are with right people, some are with the wrong people, some are looking to have an affair, some are in the period of mourning; a capsule summary of reality. Love begins and love ends. They flirt a lot. They are all flirting with love. At all ages and social levels, love is the theme. Romantic love and brotherly love is the hotchpotch through out the movie. Most of the movie is filmed in London, during Christmas and the characters all ended up at Heathrow airport a very uplifting note.', 'Richard Curtis', 'images/peliculas/loveactually.png', 1),
(84, 'Crazy, stupid, love', 2011, 7, 'Cal and Emily have the perfect life together living the American dream... until Emily asks for a divorce. Now Cal, Mr Husband, has to navigate the single scene with a little help from his professional bachelor friend Jacob Palmer. Make that a lot of help... ', 'Glenn Ficarra, John Requa', 'images/peliculas/crazystupidlove.png', 1),
(85, 'When Harry met Sally', 1989, 7, 'Harry and Sally meet when she gives him a ride to New York after they both graduate from the University of Chicago. The film jumps through their lives as they both search for love, but fail, bumping into each other time and time again. Finally a close friendship blooms between them, and they both like having a friend of the opposite sex. But then they are confronted with the problem: \"Can a man and a woman be friends, without sex getting in the way?\"', 'Rob Reiner', 'images/peliculas/harrymetsally.png', 1);
INSERT INTO `peliculas` (`id_pelicula`, `nombre_pelicula`, `ano_pelicula`, `id_genero_pelicula`, `sinopsis_pelicula`, `director_pelicula`, `imagen_pelicula`, `visible_pelicula`) VALUES
(86, 'Midnight in Paris', 2011, 7, 'Gil and Inez travel to Paris as a tag-along vacation on her parents\' business trip. Gil is a successful Hollywood writer but is struggling on his first novel. He falls in love with the city and thinks they should move there after they get married, but Inez does not share his romantic notions of the city or the idea that the 1920s was the golden age. When Inez goes off dancing with her friends, Gil takes a walk at midnight and discovers what could be the ultimate source of inspiration for writing. Gil\'s daily walks at midnight in Paris could take him closer to the heart of the city but further from the woman he\'s about to marry.', 'Woody Allen', 'images/peliculas/midnightparis.png', 1),
(87, 'The Notebook', 2004, 7, 'In a nursing home, resident Duke reads a romance story to an old woman who has senile dementia with memory loss. In the late 1930s, wealthy seventeen year-old Allie Hamilton is spending summer vacation in Seabrook. Local worker Noah Calhoun meets Allie at a carnival and they soon fall in love with each other. One day, Noah brings Allie to an ancient house that he dreams of buying and restoring and they attempt to make love but get interrupted by their friend. Allie\'s parents do not approve of their romance since Noah belongs to another social class, and they move to New York with her. Noah writes 365 letters (A Year) to Allie, but her mother Anne Hamilton does not deliver them to her daughter. Three years later, the United States joins the World War II and Noah and his best friend Fin enlist in the army, and Allie works as an army nurse.', 'Nick Cassavetes', 'images/peliculas/notebook.png', 1),
(88, 'Hairspray', 2007, 9, 'It\'s 1962 and teenagers Tracy Turnblad and her friend Penny Pingleton are avid Corny Collins fans. When the chance to dance on the show is publicized, Tracy jumps on the opportunity. Not only does her dancing skills attract Corny Collins, but also the attention of teen heartthrob Link Larkin. But not everyone is happy with Tracy\'s joining the show. The show\'s manager, Velma von Tussle, will do anything to oust Tracy, even if it has to include Tracy\'s friends Seaweed and Motormouth Maybelle.', 'Adam Shankman', 'images/peliculas/hairspray.png', 1),
(89, 'Phantom of the opera', 2004, 9, 'Begins when an opera ghost terrorizes the cast and crew of the French Opera House while tutoring a chorus girl. He finally drives the lead soprano crazy so she and her friend leave. The girl is able to sing lead one night but the soprano doesn\'t want her show stolen so she comes back. The ghost demands they keep giving his protégé lead roles. Meanwhile, His pupil falls in love with the Vicomte de Chagny, but the Phantom is in love with Christine, his student. The Phantom is outraged by their love and kidnaps Christine to be his eternal bride. Will Raoul, the Vicomte, be able to stop this dastardly plan?', 'Joel Schumacher', 'images/peliculas/phantomopera.png', 1),
(90, '2001: A Space Odyssey', 1968, 2, '\"2001\" is a story of evolution. Sometime in the distant past, someone or something nudged evolution by placing a monolith on Earth (presumably elsewhere throughout the universe as well). Evolution then enabled humankind to reach the moon\'s surface, where yet another monolith is found, one that signals the monolith placers that humankind has evolved that far. Now a race begins between computers (HAL) and human (Bowman) to reach the monolith placers. The winner will achieve the next step in evolution, whatever that may be.', 'Stanley Kubrick', 'images/peliculas/2001.png', 1),
(91, 'Split', 2016, 4, 'Though Kevin (James McAvoy) has evidenced 23 personalities to his trusted psychiatrist, Dr. Fletcher (Betty Buckley), there remains one still submerged who is set to materialize and dominate all of the others. Compelled to abduct three teenage girls led by the willful, observant Casey, Kevin reaches a war for survival among all of those contained within him -- as well as everyone around him -- as the walls between his compartments shatter.', 'M. Night Shyamalan', 'images/peliculas/split.png', 1),
(92, 'Mad Max', 1979, 2, 'Taking place in a dystopian Australia in the near future, Mad Max tells the story of a highway patrolman cruising the squalid back roads that have become the breeding ground of criminals foraging for gasoline and scraps. When his wife and child meet a grisly end at the hands of a motorcycle gang, Max sets out across the barren wastelands in search of revenge.', 'George Miller', 'images/peliculas/madmaxorig.png', 1),
(93, 'Midsommar', 2019, 3, 'Dani (Florence Pugh) and Christian (Jack Reynor) are a young American couple with a relationship on the brink of falling apart. But after a family tragedy keeps them together, a grieving Dani invites herself to join Christian and his friends on a trip to a once-in-a-lifetime midsummer festival in a remote Swedish village. What begins as a carefree summer holiday in a land of eternal sunlight takes a sinister turn when the insular villagers invite their guests to partake in festivities that render the pastoral paradise increasingly unnerving and viscerally disturbing.', 'Ari Aster', 'images/peliculas/midsommar.png', 1),
(94, 'Logan', 2017, 1, 'In the not-so-distant 2029, the entire mutant race is almost obliterated, and Logan, the invincible bestial superhero once known as the Wolverine, finds himself getting old, and his incredible healing ability significantly weakened. As an incognito limo driver, Logan does his best to guard and keep out of sight a weary nonagenarian Professor Xavier; however, things will take an unexpected turn when a cryptic woman asks him to transport the young mutant girl, Laura. A better future lies past the Canadian borders for the unaccompanied teenager, but the government is unwilling to let go of its asset so easily. In the end, can the ageing Logan protect both himself and Laura?', 'James Mangold', 'images/peliculas/logan.png', 1),
(95, 'Blade Runner', 1982, 4, 'In the 21st century, a corporation develops human clones to be used as slaves in colonies outside the Earth, identified as replicants. In 2019, a former police officer is hired to hunt down a fugitive group of clones living undercover in Los Angeles.', 'Ridley Scott', 'images/peliculas/bladerunnerorig.png', 1),
(96, 'Dunkirk', 2017, 4, 'Evacuation of Allied soldiers from the British Empire, and France, who were cut off and surrounded by the German Army from the beaches and harbor of Dunkirk, France, between May 26- June 04, 1940, during Battle of France in World War II.', 'Christopher Nolan', 'images/peliculas/dunkirk.png', 1),
(97, 'Ad Astra', 2019, 4, 'Astronaut Roy McBride (Brad Pitt) travels to the outer edges of the solar system to find his missing father and unravel a mystery that threatens the survival of our planet. His journey will uncover secrets that challenge the nature of human existence and our place in the cosmos.', 'James Gray', 'images/peliculas/adastra.png', 1),
(98, 'Jurassic Park', 1993, 8, 'Huge advancements in scientific technology have enabled a mogul to create an island full of living dinosaurs. John Hammond has invited four individuals, along with his two grandchildren, to join him at Jurassic Park. But will everything go according to plan? A park employee attempts to steal dinosaur embryos, critical security systems are shut down and it now becomes a race for survival with dinosaurs roaming freely over the island. ', 'Steven Spielberg', 'images/peliculas/jurassicpark.png', 1),
(99, 'Shaun of the dead', 2004, 6, 'Shaun doesn\'t have a very good day, so he decides to turn his life around by getting his ex to take him back, but he times it for right in the middle of what may be a zombie apocalypse. But for him, it\'s an opportunity to show everyone he knows how useful he is by saving them all. All he has to do is survive, and get his ex back.', 'Edgar Wright', 'images/peliculas/shaunofthedead.png', 1),
(100, 'Hot Fuzz', 2007, 6, 'Top London cop, PC Nicholas Angel is good. Too good. And to stop the rest of his team looking bad, he is reassigned to the quiet town of Sandford. He is paired with Danny Butterman, who endlessly questions him on the action lifestyle. Everything seems quiet for Angel, until two actors are found decapitated. It is called an accident, but Angel isn\'t going to accept that, especially when more and more people turn up dead. Angel and Danny clash with everyone, whilst trying to uncover the truth behind the mystery of the apparent \"accidents\".', 'Edgar Wright', 'images/peliculas/hotfuzz.png', 1),
(101, 'The World\'s End', 2013, 6, '20 years after attempting an epic pub crawl, five childhood friends reunite when one of them becomes hell bent on trying the drinking marathon again. They are convinced to stage an encore by mate Gary King, a 40-year old man trapped at the cigarette end of his teens, who drags his reluctant pals to their home town and once again attempts to reach the fabled pub, The World\'s End. As they attempt to reconcile the past and present, they realize the real struggle is for the future, not just theirs but humankind\'s. Reaching The World\'s End is the least of their worries.', 'Edgar Wright', 'images/peliculas/worldsend.png', 1),
(102, 'Paul', 2011, 6, 'Two sci-fi geeks take a pilgrimage to America\'s UFO heartland. While there, they accidentally meet an alien who brings them on an insane road trip that alters their universe forever. For the past 60 years, an alien named Paul has been hanging out at a top-secret military base. When he discovers he\'s been taken prisoner, the space-traveling smart ass decides to escape the compound and hop on the first vehicle out of town - a rented RV containing Earthlings Graeme Willy and Clive Gollings. Chased by federal agents and the fanatical father of a young woman that they accidentally kidnap, Graeme and Clive hatch a fumbling escape plan to return Paul to his mother ship. And as two nerds struggle to help, one little green man might just take his fellow outcasts from misfits to intergalactic heroes.', 'Greg Mottola', 'images/peliculas/paul.png', 1),
(103, 'Zombieland', 2009, 6, 'Searching for family. In the early twenty-first century, zombies have taken over America. A shy and inexperienced college student in Texas has survived by following his 30 rules: such as \"look in the back seat,\" \"double-tap,\" \"avoid public restrooms.\" He decides to travel to Ohio to see if his parents are alive. He gets a ride with a boisterous zombie-hating good-old boy headed for Florida, and soon they confront a young woman whose sister has been bitten by a zombie and wants to be put out of her misery. The sisters were headed to an LA amusement park they\'ve heard is zombie free. Can the kid from Ohio get to his family? And what about rule thirty one?', 'Ruben Fleischer', 'images/peliculas/zombieland.png', 1),
(104, 'The Mask', 1994, 6, 'Stanley Ipkiss is a bank clerk that is an incredibly nice man. Unfortunately, he is too nice for his own good and is a pushover when it comes to confrontations. After one of the worst days of his life, he finds a mask that depicts Loki, the Norse night god of mischief. Now, when he puts it on, he becomes his inner, self: a cartoon romantic wild man. However, a small time crime boss, Dorian Tyrel, comes across this character dubbed \"The Mask\" by the media. After Ipkiss\'s alter ego indirectly kills his friend in crime, Tyrel now wants this green-faced goon destroyed.', 'Chuck Russell', 'images/peliculas/themask.png', 1),
(105, 'Kick Ass', 2010, 1, 'Dave Lizewski is an unnoticed high school student and comic book fan with a few friends and who lives alone with his father. His life is not very difficult and his personal trials not that overwhelming. However, one day he makes the simple decision to become a super-hero even though he has no powers or training.', 'Matthew Vaughn', 'images/peliculas/kickass.png', 1),
(106, 'Baby Driver', 2017, 1, 'Baby is a young and partially hearing impaired getaway driver who can make any wild move while in motion with the right track playing. It\'s a critical talent he needs to survive his indentured servitude to the crime boss, Doc, who values his role in his meticulously planned robberies. However, just when Baby thinks he is finally free and clear to have his own life with his new girlfriend, Debora, Doc coerces him back for another job. Now saddled with a crew of thugs too violently unstable to keep to Doc\'s plans, Baby finds himself and everything he cares for in terrible danger. To survive and escape the coming maelstrom, it will take all of Baby\'s skill, wits and daring, but even on the best track, can he make it when life is forcing him to face the music?', 'Edgar Wright', 'images/peliculas/babydriver.png', 1),
(107, 'Kingsman: The Secret Service', 2014, 1, 'Agent Harry \"Galahad\" Hart (Colin Firth) from the Kingsman Secret Service helps troublemaker Gary \"Eggsy\" Unwin (Taron Egerton), who is the son of an Agent that saved the lives of Harry and his team, sacrificing himself seventeen years ago. Harry invites Eggsy to be a candidate to the vacancy of a new Agent in the agency, and he is trained by Agent Merlin (Mark Strong) and competes with other candidates. Meanwhile, the Kingsmen investigate the industrialist Valentine (Samuel L. Jackson), an insane genius of technology who is plotting a deadly plan with his assistant Gazelle (Sofia Boutella) to save the Earth from global warming, eliminating most of the population with a chip and saving only those that he has chosen.', 'Matthew Vaughn', 'images/peliculas/kingsman.png', 1),
(108, 'Scott Pilgrim', 2010, 1, 'Scott Pilgrim plays in a band which aspires to success. He dates Knives Chau, a high-school girl five years younger, and he hasn\'t recovered from being dumped by his former girlfriend, now a success with her own band. When Scott falls for Ramona Flowers, he has trouble breaking up with Knives and tries to romance Ramona. As if juggling two women wasn\'t enough, Ramona comes with baggage: seven ex-lovers, with each of whom Scott must do battle to the death in order to win Ramona.', 'Edgar Wright', 'images/peliculas/scottpilgrim.png', 1),
(109, 'Tokyo Drift', 2006, 1, 'An American teenager named Sean Boswell is a loner in school, however he challenges his rival for an illegal street racing, and he totals his car in the end of the race. To avoid time in prison he is sent to Tokyo to live with his father who is in the military. As soon as he arrives he discovers a new, fun but dangerous way of street racing in the underworld of the streets of Tokyo, Japan.', 'Justin Lin', 'images/peliculas/fastfurious3.png', 1),
(110, 'Rocky Horror Picture Show', 1975, 9, 'After the wedding of mutual friends, Brad Majors and his fiance, Janet Weiss get lost driving in a hefty downpour. They see a house, and it\'s populated by major duomo, Riff-Raff, and his sister, the housekeeper, Magenta. They\'ve come in an auspicious night; the Transylvanians are there for the benefit of Dr Frank N Furter, a sweet transvestite. But ask is not happy, as the criminologist/narrator exounds in this tuneful sendup. Based upon the smash British show, The Rocky Horror Show. This film did little business at he box office\'til it became THE cult hit, and invented the midnight showing.', 'Jim Sharman', 'images/peliculas/rockyhorror.png', 1),
(111, 'Casino Royale', 2006, 1, 'James Bond goes on his first ever mission as a 00. Le Chiffre is a banker to the world\'s terrorists. He is participating in a poker game at Montenegro, where he must win back his money, in order to stay safe among the terrorist market. The boss of MI6, known simply as M sends Bond, along with Vesper Lynd to attend this game and prevent Le Chiffre from winning. Bond, using help from Felix Leiter, Mathis and having Vesper pose as his partner, enters the most important poker game in his already dangerous career. But if Bond defeats Le Chiffre, will he and Vesper Lynd remain safe?', 'Martin Campbell', 'images/peliculas/casinoroyale.png', 1),
(112, 'Mission Impossible: Ghost Protocol', 2011, 1, 'In the fourth installment of the Mission Impossible series, Ethan Hunt and a new team race against time to track down Hendricks, a dangerous terrorist who has gained access to Russian nuclear launch codes and is planning a strike on the United States. An attempt by the team to stop him at the Kremlin ends in a disaster, with an explosion causing severe damage to the Kremlin and the IMF being implicated in the bombing, forcing the President to invoke Ghost Protocol, under which the IMF is disavowed, and will be offered no help or backup in any form. Undaunted, Ethan and his team chase Hendricks to Dubai, and from there to Mumbai, but several spectacular action sequences later, they might still be too late to stop a disaster.', 'Brad Bird', 'images/peliculas/mi4.png', 1),
(113, 'The Wizard of Oz', 1939, 9, 'In this charming film based on the popular L. Frank Baum stories, Dorothy and her dog Toto are caught in a tornado\'s path and somehow end up in the land of Oz. Here she meets some memorable friends and foes in her journey to meet the Wizard of Oz who everyone says can help her return home and possibly grant her new friends their goals of a brain, heart and courage.', 'Victor Fleming', 'images/peliculas/wizardofoz.png', 1),
(114, 'Mary Poppins', 1964, 9, 'When Jane and Michael, the children of the wealthy and uptight Banks family, are faced with the prospect of a new nanny, they are pleasantly surprised by the arrival of the magical Mary Poppins. Embarking on a series of fantastical adventures with Mary and her Cockney performer friend, Bert, the siblings try to pass on some of their nanny\'s sunny attitude to their preoccupied parents.', 'Robert Stevenson', 'images/peliculas/marypoppins.png', 1),
(115, 'The Sound of Music', 1965, 9, 'In 1930\'s Austria, a young woman named Maria is failing miserably in her attempts to become a nun. When the Navy captain Georg Von Trapp writes to the convent asking for a governess that can handle his seven mischievous children, Maria is given the job. The Captain\'s wife is dead, and he is often away, and runs the household as strictly as he does the ships he sails on. The children are unhappy and resentful of the governesses that their father keeps hiring, and have managed to run each of them off one by one. When Maria arrives, she is initially met with the same hostility, but her kindness, understanding, and sense of fun soon draws them to her and brings some much-needed joy into all their lives -- including the Captain\'s. Eventually he and Maria find themselves falling in love, even though Georg is already engaged to a Baroness and Maria is still a postulant.', 'Robert Wise', 'images/peliculas/soundofmusic.png', 1),
(116, 'Annie', 1982, 9, 'In the depths of the 1930\'s, Annie is a fiery young orphan girl who must live in a miserable orphanage run by the tyrannical Miss Hannigan. Her seemingly hopeless situation changes dramatically when she is selected to spend a short time at the residence of the wealthy munitions industrialist, Oliver Warbucks. Quickly, she charms the hearts of the household staff and even the seemingly cold-hearted Warbucks cannot help but learn to love this wonderful girl. He decides to help Annie find her long lost parents by offering a reward if they would come to him and prove their identity. However, Miss Hannigan, her evil brother, Rooster, and a female accomplice, plan to impersonate those people to get the reward for themselves which put Annie in great danger. ', 'John Huston', 'images/peliculas/annie.png', 1),
(117, 'Cabaret', 1972, 9, 'In 1931, in Berlin, the English professor from Cambridge Brian Roberts comes to the boarding house where the promiscuous American performer and singer of the Cabaret Kit-Kat Club Sally Bowles lives. They befriend each other and soon Sally discovers that Brian is not attracted by women, but they have a love affair. When Sally meets the wealthy Baron Maximilian von Heune, both Sally and Brian are seduced by the baron. Meanwhile there is the ascension of the Nazi Party.', 'Bob Fosse', 'images/peliculas/cabaret.png', 1),
(118, 'Chicago', 2002, 9, 'Murderesses Velma Kelly (a chanteuse and tease who killed her husband and sister after finding them in bed together) and Roxie Hart (who killed her boyfriend when she discovered he wasn\'t going to make her a star) find themselves on death row together and fight for the fame that will keep them from the gallows in 1920s Chicago. ', 'Rob Marshall', 'images/peliculas/chicago.png', 1),
(119, 'Pitch Perfect', 2012, 9, 'The Barden Bellas are a collegiate, all-girls a cappella singing group thriving on female pop songs and their perfect looks. After a disastrous failing at last year\'s finals, they are forced to regroup. Among the new recruits is freshman Beca, an independent, aspiring DJ with no interest in the college life. But after she meets Jesse, from the rival all-male a cappella group, Beca has a new outlook and takes it upon herself to help the Bellas find their new look and sound and get back into the competition. ', 'Jason Moore', 'images/peliculas/pitchperfect.png', 1),
(120, 'Yesterday', 2019, 9, 'The aspirant singer Jack Malik is struggling to be a great musician with the support of his agent Ellie Appleton and his closer friends. However he is a failure and needs to work in a supermarket to survive. One day there is a blackout and Jack has an accident while riding his bicycle. When he recovers, Ellie gives a new guitar to him and Jack plays \"Yesterday\". Soon he realizes that the world does not know \"The Beatles\" and he plays and sings their songs becoming the best musician in the world with a greedy agent. But can he afford the price he has to pay for the stolen success.', 'Danny Boyle', 'images/peliculas/yesterday.png', 1),
(121, 'Bohemian Rhapsody', 2018, 9, 'Bohemian Rhapsody is a foot-stomping celebration of Queen, their music and their extraordinary lead singer Freddie Mercury. Freddie defied stereotypes and shattered convention to become one of the most beloved entertainers on the planet. The film traces the meteoric rise of the band through their iconic songs and revolutionary sound. They reach unparalleled success, but in an unexpected turn Freddie, surrounded by darker influences, shuns Queen in pursuit of his solo career. Having suffered greatly without the collaboration of Queen, Freddie manages to reunite with his bandmates just in time for Live Aid. While bravely facing a recent AIDS diagnosis, Freddie leads the band in one of the greatest performances in the history of rock music. Queen cements a legacy that continues to inspire outsiders, dreamers and music lovers to this day.', 'Bryan Singer', 'images/peliculas/bohemianrhapsody.png', 1),
(122, 'Rocketman', 2019, 9, 'A musical fantasy about the fantastical human story of Elton John\'s breakthrough years.', 'Dexter Fletcher', 'images/peliculas/rocketman.png', 1),
(123, 'Footloose', 1984, 9, 'Classic tale of teenage rebellion and repression features a delightful combination of dance choreography and realistic and touching performances. When teenager Ren McCormack and his family move from big-city Chicago to a small Midwestern town, he\'s in for a real case of culture shock. Though he tries hard to fit in, the streetwise Ren can\'t quite believe he\'s living in a place where rock music and dancing are illegal. However, there is one small pleasure: Ariel Moore, a troubled but lovely blonde with a jealous boyfriend. And a Bible-thumping minister, who is responsible for keeping the town dance-free. Ren and his classmates want to do away with this ordinance, especially since the senior prom is around the corner, but only Ren has the courage to initiate a battle to abolish the outmoded ban and revitalize the spirit of the repressed townspeople. Fast-paced drama is filled with such now-famous hit songs as the title track and \"Let\'s Hear It for the Boy\".', 'Herbert Ross', 'images/peliculas/footloose.png', 1),
(124, 'The Greatest Showman', 2017, 9, 'Orphaned, penniless but ambitious and with a mind crammed with imagination and fresh ideas, the American Phineas Taylor Barnum will always be remembered as the man with the gift to effortlessly blur the line between reality and fiction. Thirsty for innovation and hungry for success, the son of a tailor will manage to open a wax museum but will soon shift focus to the unique and peculiar, introducing extraordinary, never-seen-before live acts on the circus stage. Some will call Barnum\'s wide collection of oddities, a freak show; however, when the obsessed showman gambles everything on the opera singer Jenny Lind to appeal to a high-brow audience, he will somehow lose sight of the most important aspect of his life: his family. Will Barnum risk it all to be accepted?', 'Michael Gracey', 'images/peliculas/showman.png', 1),
(125, 'La La Land', 2016, 9, 'Aspiring actress serves lattes to movie stars in between auditions and jazz musician Sebastian scrapes by playing cocktail-party gigs in dingy bars. But as success mounts, they are faced with decisions that fray the fragile fabric of their love affair, and the dreams they worked so hard to maintain in each other threaten to rip them apart.', 'Damien Chazelle', 'images/peliculas/lalaland.png', 1),
(126, 'Les Misérables', 2012, 9, 'Jean Valjean, known as Prisoner 24601, is released from prison and breaks parole to create a new life for himself while evading the grip of the persistent Inspector Javert. Set in post-revolutionary France, the story reaches resolution against the background of the June Rebellion.', 'Tom Hooper', 'images/peliculas/miserables.png', 1),
(127, 'Return of the Jedi', 1983, 2, 'Luke Skywalker battles Jabba the Hutt and Darth Vader to save his comrades in the Rebel Alliance and triumph over the Galactic Empire. Han Solo and Princess Leia reaffirm their love, and team with Chewbacca, Lando Calrissian, the Ewoks, and droids C-3PO and R2-D2 to aid in the disruption of the Dark Side, and the defeat of the evil emperor.', 'Richard Marquand', 'images/peliculas/returnofthejedi.png', 1),
(128, 'Tron', 1982, 2, 'Hacker/arcade owner Kevin Flynn is digitally broken down into a data stream by a villainous software pirate known as Master Control and reconstituted into the internal, 3-D graphical world of computers. It is there, in the ultimate blazingly colorful, geometrically intense landscapes of cyberspace, that Flynn joins forces with Tron to outmaneuver the Master Control Program that holds them captive in the equivalent of a gigantic, infinitely challenging computer game.', 'Steven Lisberger', 'images/peliculas/tron.png', 1),
(129, 'The Texas Chain Saw Massacre', 1974, 3, 'En route to visit their grandfather\'s grave (which has apparently been ritualistically desecrated), five teenagers drive past a slaughterhouse, pick up (and quickly drop) a sinister hitch-hiker, eat some delicious home-cured meat at a roadside gas station, before ending up at the old family home... where they\'re plunged into a never-ending nightmare as they meet a family of cannibals who more than make up in power tools what they lack in social skills...', 'Tobe Hooper', 'images/peliculas/texaschainsaworig.png', 1),
(130, 'Halloween', 1978, 3, 'The year is 1963, the night: Halloween. Police are called to 43 Lampkin Ln. only to discover that 15 year old Judith Myers has been stabbed to death, by her 6 year-old brother, Michael. After being institutionalized for 15 years, Myers breaks out on the night before Halloween. No one knows, nor wants to find out, what will happen on October 31st 1978 besides Myers\' psychiatrist, Dr. Loomis. He knows Michael is coming back to Haddonfield, but by the time the town realizes it, it\'ll be too late for many people.', 'John Carpenter', 'images/peliculas/halloweenorig.png', 1),
(131, 'Beetlejuice', 1988, 3, 'Adam and Barbara are a normal couple...who happen to be dead. They have given their precious time to decorate their house and make it their own, but unfortunately a family is moving in, and not quietly. Adam and Barbara try to scare them out, but end up becoming the main attraction to the money making family. They call upon Beetlejuice to help, but Beetlejuice has more in mind than just helping.', 'Tim Burton', 'images/peliculas/beetlejuice.png', 1),
(132, 'A Nightmare on Elm Street', 1984, 3, 'On Elm Street, Nancy Thompson and a group of her friends (comprising Tina Gray, Rod Lane and Glen Lantz) are being tormented by a clawed killer in their dreams named Fred Krueger. Nancy must think quickly, as Fred tries to pick them off one by one. When he has you in your sleep, who is there to save you?', 'Wes Craven', 'images/peliculas/nightmareelmstreetorig.png', 1),
(133, 'The Evil Dead', 1981, 3, 'Five college students take time off to spend a peaceful vacation in a remote cabin. A book and audio tape is discovered, and its evil is found to be powerful once the incantations are read out loud. The friends find themselves helpless to stop the evil as it takes them one by one, with only one survivor left with the evil dead and desperately tries to fight to live until morning.', 'Sam Raimi', 'images/peliculas/evildeadorig.png', 1),
(134, 'The Exorcist', 1973, 3, 'A visiting actress in Washington, D.C., notices dramatic and dangerous changes in the behavior and physical make-up of her 12-year-old daughter. Meanwhile, a young priest at nearby Georgetown University begins to doubt his faith while dealing with his mother\'s terminal sickness. And, book-ending the story, a frail, elderly priest recognizes the necessity for a show-down with an old demonic enemy.', 'William Friedkin', 'images/peliculas/exorcist.png', 1),
(135, 'Carrie', 1976, 3, 'The story of Carrie White, a girl brought up, almost in isolation, by her domineering, religious mother Margaret. After an embarrassing incident in the showers causes her classmates to tease Carrie ruthlessly, her teacher Miss Collins disciplines them severely. However, one of the students feels sorry for what she did and asks her boyfriend to take Carrie to the senior prom instead of her. Determined to have revenge, the other students hatch a plot against Carrie, which turns horribly wrong when Carrie\'s strange mental powers are unleashed during the school prom.', 'Brian De Palma', 'images/peliculas/carrie.png', 1),
(136, 'Night of the Living Dead', 1968, 3, 'Barbra and Johnny visit their father\'s grave in a remote cemetery when they are suddenly set upon by zombies. Barbra manages to get away and takes refuge in what seems to be an abandoned farm house. She is soon joined by Ben who stopped at the house in need of gas. Beset by the walking dead all around them Ben does his best to secure the doors and windows. The news reports are grim however with creatures returning to life everywhere. Barbra and Ben are surprised when they realize there are 5 people hiding out in the basement: Harry, Helen and Karen Cooper; and a young couple, Tom and Judy. Dissensions sets in almost immediately with Harry Cooper wanting to be in charge. As their situation deteriorates, their chances of surviving the night lessen minute by minute. ', 'George A. Romero', 'images/peliculas/nightoflivingdead.png', 1),
(137, 'Poltergeist', 1982, 3, 'A young family are visited by ghosts in their home. At first the ghosts appear friendly, moving objects around the house to the amusement of everyone, then they turn nasty and start to terrorise the family before they \"kidnap\" the youngest daughter.', 'Tobe Hooper', 'images/peliculas/poltergeist.png', 1),
(138, 'Saw', 2004, 3, 'Waking up in a bathroom, two men, Adam and Dr. Lawrence Gordon, discover they have been captured by the infamous Jigsaw Killer. The men must escape before time runs out, otherwise, they will face the deadly consequences.', 'James Wan', 'images/peliculas/saw.png', 1),
(139, 'The Ring', 2002, 3, 'Rachel Keller is a journalist investigating a videotape that may have killed four teenagers (including her niece). There is an urban legend about this tape: the viewer will die seven days after watching it. If the legend is correct, Rachel will have to run against time to save her son\'s and her own life.', 'Gore Verbinski', 'images/peliculas/ring.png', 1),
(140, 'Final Destination', 2000, 3, 'Alex is boarding a plane to France on a school trip, when he suddenly gets a premonition that the plane will explode. Shortly after Alex, a group of students, and his teacher are thrown off the plane, to their horror, the plane does in fact explode. Alex must now work out Death\'s plan, as each of the survivors falls victim. Whilst trying to prevent the next death, Alex must also dodge the FBI, who believe that he caused the explosion.', 'James Wong', 'images/peliculas/finaldestination.png', 1),
(141, 'Scream', 1996, 3, 'A year after her mother\'s death, Sydney Prescott (Neve Campbell), and her friends started experiencing some strange phone calls. They later learned the calls were coming from a crazed serial killer, in a white faced mask and a large black robe, looking for revenge. His phone calls usually consist of many questions, the main one being: Whats your favorite scary movie? Along with many scary movie trivia, ending with bloody pieces of innocent lives scattered around the small town of Woodsboro. ', 'Wes Craven', 'images/peliculas/scream.png', 1),
(142, 'Child\'s Play', 1988, 3, 'When Charles Lee Ray needs to get a quick escape from cop Mike Norris, he takes his soul and buries it into playful, seemingly good guy doll Chucky. Little does he know a little boy by the name of Andy Barclay will be the new owner of him soon-to-come. Charles confides in Andy while he commits numerous murders and once the adults accept Andy\'s story as truth, it\'s too late.', 'Tom Holland', 'images/peliculas/childsplay.png', 1),
(143, 'Psycho', 1960, 3, 'Phoenix office worker Marion Crane is fed up with the way life has treated her. She has to meet her lover Sam in lunch breaks, and they cannot get married because Sam has to give most of his money away in alimony. One Friday, Marion is trusted to bank forty thousand dollars by her employer. Seeing the opportunity to take the money and start a new life, Marion leaves town and heads towards Sam\'s California store. Tired after the long drive and caught in a storm, she gets off the main highway and pulls into the Bates Motel. The motel is managed by a quiet young man called Norman who seems to be dominated by his mother.', 'Alfred Hitchcock', 'images/peliculas/psycho.png', 1),
(144, 'Get Out', 2017, 3, 'Chris and his girlfriend Rose go upstate to visit her parents for the weekend. At first, Chris reads the family\'s overly accommodating behavior as nervous attempts to deal with their daughter\'s interracial relationship, but as the weekend progresses, a series of increasingly disturbing discoveries lead him to a truth that he never could have imagined.', 'Jordan Peele', 'images/peliculas/getout.png', 1),
(145, 'Gremlins', 1984, 3, 'Minature green monsters tear through the small town of Kingston Falls. Hijinks ensue as a mild-mannered bank teller releases these hideous loonies after gaining a new pet and violating two of three simple rules: No water (violated), no food after midnight (violated), and no bright light. Hilarious mayhem and destruction in a town straight out of Norman Rockwell. So, when your washing machine blows up or your TV goes on the fritz, before you call the repair man, turn on all the lights and look under all the beds. \'Cause you never can tell, there just might be a gremlin in your house.', 'Joe Dante', 'images/peliculas/gremlins.png', 1),
(146, 'Predator', 1987, 8, 'A team of special force ops, led by a tough but fair soldier, Major \"Dutch\" Schaefer, are ordered to assist CIA man, Colonel Al Dillon, on a rescue mission for potential survivors of a Helicopter downed over remote South American jungle. Not long after they land, Dutch and his team discover that they have been sent in under false pretenses. This deception turns out to be the least of their worries though, when they find themselves being methodically hunted by something not of this world.', 'John McTiernan', 'images/peliculas/predator.png', 1),
(147, 'Into the Spiderverse', 2019, 8, 'Miles Morales is a New York teen struggling with school, friends and, on top of that, being the new Spider-Man. When he comes across Peter Parker, the erstwhile saviour of New York, in the multiverse, Miles must train to become the new protector of his city. ', 'Bob Persichetti, Peter Ramsey', 'images/peliculas/85dadce3-3bae-42fc-931d-b38cb5358382.png', 1),
(148, 'Coco', 2017, 8, 'Despite his family\'s baffling generations-old ban on music, Miguel dreams of becoming an accomplished musician like his idol, Ernesto de la Cruz. Desperate to prove his talent, Miguel finds himself in the stunning and colorful Land of the Dead following a mysterious chain of events. Along the way, he meets charming trickster Hector, and together, they set off on an extraordinary journey to unlock the real story behind Miguel\'s family history.', 'Lee Unkrich', 'images/peliculas/c392a7d6-8eea-4409-98d1-2a7f29fb4b57.png', 1);

-- --------------------------------------------------------

--
-- Estructura de tabla para la tabla `resenas`
--

CREATE TABLE `resenas` (
  `id_resena` int(11) NOT NULL,
  `id_usuario_resena` int(11) NOT NULL,
  `id_pelicula_resena` int(11) NOT NULL,
  `puntaje_resena` int(11) NOT NULL,
  `texto_resena` text COLLATE utf8_spanish2_ci NOT NULL,
  `spoilers_resena` tinyint(1) NOT NULL DEFAULT '0',
  `fecha_resena` datetime NOT NULL DEFAULT CURRENT_TIMESTAMP,
  `aprobada_resena` int(11) NOT NULL DEFAULT '0'
) ENGINE=InnoDB DEFAULT CHARSET=utf8 COLLATE=utf8_spanish2_ci;

--
-- Volcado de datos para la tabla `resenas`
--

INSERT INTO `resenas` (`id_resena`, `id_usuario_resena`, `id_pelicula_resena`, `puntaje_resena`, `texto_resena`, `spoilers_resena`, `fecha_resena`, `aprobada_resena`) VALUES
(1, 3, 11, 4, 'La primer película de lo que posteriormente se convertiría en una de las franquicias cinematográficas más grandes. Llena de acción y aventura, un clásico de ciencia ficción. Muy recomendable!', 0, '2019-11-22 19:40:07', 1),
(2, 3, 8, 3, 'Película que narra la historia de Vito Corleone y su familia de mafiosos. Para los amantes del género una excelente película, aunque para mi gusto personal quizás un poco larga.', 0, '2019-11-22 22:17:27', 2),
(3, 3, 1, 5, 'Excelente película! Un clásico de la ciencia ficción que es recordado gratamente por jóvenes y grandes por igual. Muy recomendable!', 0, '2019-11-22 22:17:58', 1),
(4, 3, 2, 3, 'Bastante buena', 0, '2019-11-22 22:18:50', 1),
(5, 1, 127, 5, 'Una de mis peliculas favoritas!', 0, '2019-12-09 18:37:02', 1),
(6, 1, 143, 5, 'Un clásico de terror. Una obra maestra de la mano de un grande del cine como Hitchcock. Imperdible.', 0, '2019-12-09 20:04:29', 1),
(7, 1, 144, 4, 'Muy buena pelicula! Un exponente excelente del cine de terror moderno.', 0, '2019-12-09 20:06:51', 1),
(8, 3, 50, 5, 'Estuve años esperándola y cuando finalmente salió superó por completo mis expectativas. Una mezcla perfecta entre comedia y acción. Muy recomendable!', 0, '2019-12-12 23:49:26', 1),
(9, 3, 147, 5, '\'What\'s up danger\' dice una de las canciones principales de esta película.  Eso la describe perfectamente. Una aventura llena de peligrosos obstáculos a través de múltiples universos de la mano de nuestro amigo arácnido, Spider-man. Excelente!', 0, '2019-12-15 23:47:47', 1),
(10, 1, 147, 4, 'Me encanto! Una mirada nueva y refrescante del colorido superheroe arácnido, usando técnicas de animación muy innovadoras. Recomendada.', 0, '2019-12-16 18:07:38', 1),
(11, 1, 148, 4, 'Una historia conmovedora, con mucha música y colores, fiel al estilo Pixar que continúa lanzando éxito tras éxito.', 0, '2019-12-16 18:09:09', 1),
(12, 1, 31, 5, 'Una de las películas más sangrientas y llenas de acción que tuve la suerte de poder ver. Fiel al estilo Tarantino. Muy recomendable!', 0, '2019-12-16 18:23:29', 1),
(13, 1, 96, 3, 'Película basada en hechos de la vida real, durante la Primera Guerra Mundial. En lo personal me resulto un poco larga, de a ratos siendo quizás aburrida. Cinematográficamente, impecable, tanto en términos de sonido, imagen y vestimenta.', 0, '2019-12-16 18:27:41', 1),
(14, 1, 35, 4, 'Película repleta de acción y misterio, basada en el comic original de Alan Moore. La historia plantea la premisa base de \'Quien vigila a los que vigilan?\' y nos muestra a través de sus escenas como muchas veces la total libertad para aquellos que combaten el crimen, no siempre es la mejor opción. ', 0, '2019-12-16 18:34:49', 1),
(15, 1, 50, 5, 'Deadpool, el mercenario bocón. Un anti-héroe reconocido por sus constantes intervenciones cómicas y su aniquilación de la cuarta pared durante sus múltiples peleas. En este caso, nos presenta una historia llena de aventura, acción, comedia e incluso amor.', 0, '2019-12-16 18:38:24', 1),
(16, 3, 26, 4, 'De las mejores películas de Batman en la actualidad. Llena de acción que deja al espectador al borde de su asiento. La actuación de Heath Ledger como Joker es inigualable y sigue vigente como una de las mejores incluso hasta el día de hoy. ', 0, '2019-12-16 23:28:55', 1),
(17, 3, 105, 4, 'Kick-Ass es una película de superhéroes con un enfoque cómico y colorido. En su momento marcó un punto de quiebre en la industria, demostrando que no siempre es necesaria la seriedad y la oscuridad para contar una buena historia. Para pasar un buen rato.', 0, '2019-12-16 23:31:37', 1),
(18, 3, 94, 4, 'Excelente película que marca el fin de la historia de Hugh Jackman como actor del reconocido Wolverine. Una versión mayor en edad del personaje, pero con el mismo temple y violencia que lo caracteriza. Tiene un tono más serio que las películas recientes del genero, destacándola por sobre las mismas. ', 0, '2019-12-16 23:34:26', 1),
(19, 3, 107, 4, 'Basada en el cómic de Mark Millar, Kingsman es una historia de espías símil \'James Bond\', pero con un tono más relajado que mezcla lo cómico de a ratos con la seriedad de este tipo de películas. Acción sin fin, muchas explosiones y violencia. Muy recomendable para fanáticos del género y otros por igual. ', 0, '2019-12-16 23:39:12', 1),
(20, 3, 109, 3, 'Mi película favorita de la saga Fast & Furious, en esta ocasión en las calles de una futurística  ciudad como Tokyo. Una historia llena de adrenalina!', 0, '2019-12-16 23:41:51', 0),
(21, 3, 16, 5, 'Secuela de Star Wars: A new Hope. A mi gusto, la mejor película de la trilogía original y, porque no, de la franquicia en su totalidad. ', 0, '2019-12-16 23:47:40', 0);

-- --------------------------------------------------------

--
-- Estructura de tabla para la tabla `usuarios`
--

CREATE TABLE `usuarios` (
  `id_usuario` int(11) NOT NULL,
  `nombre_usuario` varchar(100) COLLATE utf8_spanish2_ci NOT NULL,
  `apellido_usuario` varchar(100) COLLATE utf8_spanish2_ci NOT NULL,
  `mail_usuario` varchar(150) COLLATE utf8_spanish2_ci NOT NULL,
  `password_usuario` varchar(100) COLLATE utf8_spanish2_ci NOT NULL,
  `imagen_usuario` varchar(150) COLLATE utf8_spanish2_ci NOT NULL,
  `codigo_mail_usuario` varchar(150) COLLATE utf8_spanish2_ci NOT NULL,
  `cuenta_confirmada_usuario` tinyint(1) NOT NULL DEFAULT '0',
  `permisos_usuario` int(11) NOT NULL DEFAULT '0'
) ENGINE=InnoDB DEFAULT CHARSET=utf8 COLLATE=utf8_spanish2_ci;

--
-- Volcado de datos para la tabla `usuarios`
--

INSERT INTO `usuarios` (`id_usuario`, `nombre_usuario`, `apellido_usuario`, `mail_usuario`, `password_usuario`, `imagen_usuario`, `codigo_mail_usuario`, `cuenta_confirmada_usuario`, `permisos_usuario`) VALUES
(1, 'Bruce', 'Wayne', 'bruce@wayneenterprises.org', '81dc9bdb52d04dc20036dbd8313ed055', 'images/users/bruce.jpg', 'adsasdasdasdsadda', 1, 1),
(2, 'Tony', 'Stark', 'tony@starkindustries.org', '827ccb0eea8a706c4c34a16891f84e7b', 'images/users/tony.jpg', 'adsasdasdasdsadda', 1, 0),
(3, 'Franco', 'Cipolla', 'francoacipolla@gmail.com', '81dc9bdb52d04dc20036dbd8313ed055', 'images/users/franco.jpg', '06b50bff-3983-44c6-9dc4-43ff148393cf', 1, 0);

--
-- Índices para tablas volcadas
--

--
-- Indices de la tabla `favoritos`
--
ALTER TABLE `favoritos`
  ADD PRIMARY KEY (`id_favorito`),
  ADD KEY `FK_Usuario_Favorito` (`id_usuario_favorito`),
  ADD KEY `FK_Pelicula_Favorito` (`id_pelicula_favorito`);

--
-- Indices de la tabla `generos`
--
ALTER TABLE `generos`
  ADD PRIMARY KEY (`id_genero`);

--
-- Indices de la tabla `peliculas`
--
ALTER TABLE `peliculas`
  ADD PRIMARY KEY (`id_pelicula`),
  ADD KEY `FK_Genero_Pelicula` (`id_genero_pelicula`);

--
-- Indices de la tabla `resenas`
--
ALTER TABLE `resenas`
  ADD PRIMARY KEY (`id_resena`),
  ADD KEY `FK_Usuario_Resena` (`id_usuario_resena`),
  ADD KEY `FK_Pelicula_Resena` (`id_pelicula_resena`);

--
-- Indices de la tabla `usuarios`
--
ALTER TABLE `usuarios`
  ADD PRIMARY KEY (`id_usuario`);

--
-- AUTO_INCREMENT de las tablas volcadas
--

--
-- AUTO_INCREMENT de la tabla `favoritos`
--
ALTER TABLE `favoritos`
  MODIFY `id_favorito` int(11) NOT NULL AUTO_INCREMENT, AUTO_INCREMENT=32;

--
-- AUTO_INCREMENT de la tabla `generos`
--
ALTER TABLE `generos`
  MODIFY `id_genero` int(11) NOT NULL AUTO_INCREMENT, AUTO_INCREMENT=10;

--
-- AUTO_INCREMENT de la tabla `peliculas`
--
ALTER TABLE `peliculas`
  MODIFY `id_pelicula` int(11) NOT NULL AUTO_INCREMENT, AUTO_INCREMENT=149;

--
-- AUTO_INCREMENT de la tabla `resenas`
--
ALTER TABLE `resenas`
  MODIFY `id_resena` int(11) NOT NULL AUTO_INCREMENT, AUTO_INCREMENT=22;

--
-- AUTO_INCREMENT de la tabla `usuarios`
--
ALTER TABLE `usuarios`
  MODIFY `id_usuario` int(11) NOT NULL AUTO_INCREMENT, AUTO_INCREMENT=4;

--
-- Restricciones para tablas volcadas
--

--
-- Filtros para la tabla `favoritos`
--
ALTER TABLE `favoritos`
  ADD CONSTRAINT `FK_Pelicula_Favorito` FOREIGN KEY (`id_pelicula_favorito`) REFERENCES `peliculas` (`id_pelicula`) ON UPDATE NO ACTION,
  ADD CONSTRAINT `FK_Usuario_Favorito` FOREIGN KEY (`id_usuario_favorito`) REFERENCES `usuarios` (`id_usuario`) ON UPDATE NO ACTION;

--
-- Filtros para la tabla `peliculas`
--
ALTER TABLE `peliculas`
  ADD CONSTRAINT `FK_Genero_Pelicula` FOREIGN KEY (`id_genero_pelicula`) REFERENCES `generos` (`id_genero`) ON UPDATE NO ACTION;

--
-- Filtros para la tabla `resenas`
--
ALTER TABLE `resenas`
  ADD CONSTRAINT `FK_Pelicula_Resena` FOREIGN KEY (`id_pelicula_resena`) REFERENCES `peliculas` (`id_pelicula`) ON UPDATE NO ACTION,
  ADD CONSTRAINT `FK_Usuario_Resena` FOREIGN KEY (`id_usuario_resena`) REFERENCES `usuarios` (`id_usuario`) ON UPDATE NO ACTION;
COMMIT;

/*!40101 SET CHARACTER_SET_CLIENT=@OLD_CHARACTER_SET_CLIENT */;
/*!40101 SET CHARACTER_SET_RESULTS=@OLD_CHARACTER_SET_RESULTS */;
/*!40101 SET COLLATION_CONNECTION=@OLD_COLLATION_CONNECTION */;
